State,Population_2011,Literacy_2011,SexRatio_2011,Population_2024,Literacy_2024,SexRatio_2024,Pop_Growth_Rate,Literacy_Growth,SexRatio_Change,Population_2030,Literacy_2030,SexRatio_2030
NCT OF DELHI,1.6787941,75.87450420513153,867.9572767250237,3.4,90,870,5.578502717858491,1.086576599605267,0.15713255961356237,4.709034899645947,96.5194595976316,870.9427953576813
